PassengerId,Survived,Sex,Age,Fare,Unnamed: 0,Pclass_1,Pclass_2,Pclass_3,Family_size,Title_1,Title_2,Title_3,Title_4,Emb_1,Emb_2,Emb_3
1,0,,0.275,0.014151057562208,0,0,0,1,0.1,1,0,0,0,0,0,1
2,1,,0.475,0.1391357353826406,1,1,0,0,0.1,1,0,0,0,1,0,0
3,1,,0.325,0.0154685698179998,2,0,0,1,0.0,0,0,0,1,0,0,1
4,1,,0.4375,0.1036442974556203,3,1,0,0,0.1,1,0,0,0,0,0,1
5,0,,0.4375,0.0157125535690723,4,0,0,1,0.0,1,0,0,0,0,0,1
6,0,,0.35,0.0165095020935757,5,0,0,1,0.0,1,0,0,0,0,1,0
7,0,,0.675,0.101228858320002,6,1,0,0,0.0,1,0,0,0,0,0,1
8,0,,0.025,0.0411356604308323,7,0,0,1,0.4,0,0,1,0,0,0,1
9,1,,0.3375,0.0217307543665283,8,0,0,1,0.2,1,0,0,0,0,0,1
10,1,,0.175,0.0586942926540201,9,0,1,0,0.1,1,0,0,0,1,0,0
11,1,,0.05,0.032596229143293,10,0,0,1,0.2,0,0,0,1,0,0,1
12,1,,0.725,0.0518221487278101,11,1,0,0,0.0,0,0,0,1,0,0,1
13,0,,0.25,0.0157125535690723,12,0,0,1,0.0,1,0,0,0,0,0,1
14,0,,0.4875,0.0610447345183526,13,0,0,1,0.6,1,0,0,0,0,0,1
15,0,,0.175,0.0153303774213923,14,0,0,1,0.0,0,0,0,1,0,0,1
16,1,,0.6875,0.0312299201372867,15,0,1,0,0.0,1,0,0,0,0,0,1
17,0,,0.025,0.0568482139999047,16,0,0,1,0.5,0,0,1,0,0,1,0
18,1,,0.35,0.0253743101115454,17,0,1,0,0.0,1,0,0,0,0,0,1
19,0,,0.3875,0.0351336601544475,18,0,0,1,0.1,1,0,0,0,0,0,1
20,1,,0.35,0.0141022608119935,19,0,0,1,0.0,1,0,0,0,1,0,0
21,0,,0.4375,0.0507486202230909,20,0,1,0,0.0,1,0,0,0,0,0,1
22,1,,0.425,0.0253743101115454,21,0,1,0,0.0,1,0,0,0,0,0,1
23,1,,0.1875,0.0156719546728939,22,0,0,1,0.0,0,0,0,1,0,1,0
24,1,,0.35,0.0692913853046049,23,1,0,0,0.0,1,0,0,0,0,0,1
25,0,,0.1,0.0411356604308323,24,0,0,1,0.4,0,0,0,1,0,0,1
26,1,,0.475,0.0612643198943179,25,0,0,1,0.6,1,0,0,0,0,0,1
27,0,,0.35,0.0141022608119935,26,0,0,1,0.0,1,0,0,0,1,0,0
28,0,,0.2375,0.5133418122566505,27,1,0,0,0.5,1,0,0,0,0,0,1
29,1,,0.35,0.0153791741716068,28,0,0,1,0.0,0,0,0,1,0,1,0
30,0,,0.35,0.0154115752137492,29,0,0,1,0.0,1,0,0,0,0,0,1
31,0,,0.5,0.0541073981338561,30,1,0,0,0.0,1,0,0,0,1,0,0
32,1,,0.35,0.2859895551532101,31,1,0,0,0.1,1,0,0,0,1,0,0
33,1,,0.35,0.0151269925664982,32,0,0,1,0.0,0,0,0,1,0,1,0
34,0,,0.825,0.0204946350900944,33,0,1,0,0.0,1,0,0,0,0,0,1
35,0,,0.35,0.16038672010106,34,1,0,0,0.1,1,0,0,0,1,0,0
36,0,,0.525,0.1014972404461818,35,1,0,0,0.1,1,0,0,0,0,0,1
37,1,,0.35,0.0141104586660295,36,0,0,1,0.0,1,0,0,0,1,0,0
38,0,,0.2625,0.0157125535690723,37,0,0,1,0.0,1,0,0,0,0,0,1
39,0,,0.225,0.0351336601544475,38,0,0,1,0.2,0,0,0,1,0,0,1
40,1,,0.175,0.0219423370754585,39,0,0,1,0.1,0,0,0,1,1,0,0
41,0,,0.5,0.0184939683312994,40,0,0,1,0.1,1,0,0,0,0,0,1
42,0,,0.3375,0.0409892701801888,41,0,1,0,0.1,1,0,0,0,0,0,1
43,0,,0.35,0.0154115752137492,42,0,0,1,0.0,1,0,0,0,1,0,0
44,1,,0.0375,0.081157193460767,43,0,1,0,0.3,0,0,0,1,1,0,0
45,1,,0.2375,0.0153791741716068,44,0,0,1,0.0,0,0,0,1,0,1,0
46,0,,0.35,0.0157125535690723,45,0,0,1,0.0,1,0,0,0,0,0,1
47,0,,0.35,0.0302539851329965,46,0,0,1,0.1,1,0,0,0,0,1,0
48,1,,0.35,0.0151269925664982,47,0,0,1,0.0,0,0,0,1,0,1,0
49,0,,0.35,0.0423149802900166,48,0,0,1,0.2,1,0,0,0,1,0,0
50,0,,0.225,0.0347432861527314,49,0,0,1,0.1,1,0,0,0,0,0,1
51,0,,0.0875,0.0774648409655354,50,0,0,1,0.5,0,0,1,0,0,0,1
52,0,,0.2625,0.0152245860669272,51,0,0,1,0.0,1,0,0,0,0,0,1
53,1,,0.6125,0.1497654242623688,52,1,0,0,0.1,1,0,0,0,1,0,0
54,1,,0.3625,0.0507486202230909,53,0,1,0,0.1,1,0,0,0,0,0,1
55,0,,0.8125,0.1209753416358076,54,1,0,0,0.1,1,0,0,0,1,0,0
56,1,,0.35,0.0692913853046049,55,1,0,0,0.0,1,0,0,0,0,0,1
57,1,,0.2625,0.0204946350900944,56,0,1,0,0.0,0,0,0,1,0,0,1
58,0,,0.35625,0.0141104586660295,57,0,0,1,0.0,1,0,0,0,1,0,0
59,1,,0.0625,0.0541643927381066,58,0,1,0,0.3,0,0,0,1,0,0,1
60,0,,0.1375,0.0915427034024217,59,0,0,1,0.7,0,0,1,0,0,0,1
61,0,,0.275,0.0141104586660295,60,0,0,1,0.0,1,0,0,0,1,0,0
62,1,,0.475,0.1561496006864336,61,1,0,0,0.0,0,0,0,1,0,0,0
63,0,,0.5625,0.1629323489662505,62,1,0,0,0.1,1,0,0,0,0,0,1
64,0,,0.05,0.0544571732393937,63,0,0,1,0.5,0,0,1,0,0,0,1
65,0,,0.35,0.0541073981338561,64,1,0,0,0.0,1,0,0,0,1,0,0
66,1,,0.35,0.0297578197768153,65,0,0,1,0.2,0,0,1,0,1,0,0
67,1,,0.3625,0.0204946350900944,66,0,1,0,0.0,1,0,0,0,0,0,1
68,0,,0.2375,0.0159239410910016,67,0,0,1,0.0,1,0,0,0,0,0,1
69,1,,0.2125,0.0154685698179998,68,0,0,1,0.6,0,0,0,1,0,0,1
70,0,,0.325,0.0169080739493278,69,0,0,1,0.2,1,0,0,0,0,0,1
71,0,,0.4,0.0204946350900944,70,0,1,0,0.0,1,0,0,0,0,0,1
72,0,,0.2,0.0915427034024217,71,0,0,1,0.7,0,0,0,1,0,0,1
73,0,,0.2625,0.1434624456306609,72,0,1,0,0.0,1,0,0,0,0,0,1
74,0,,0.325,0.0282127194780231,73,0,0,1,0.1,1,0,0,0,1,0,0
75,1,,0.4,0.1102724576307577,74,0,0,1,0.0,1,0,0,0,0,0,1
76,0,,0.3125,0.0149318055656402,75,0,0,1,0.0,1,0,0,0,0,0,1
77,0,,0.35,0.0154115752137492,76,0,0,1,0.0,1,0,0,0,0,0,1
78,0,,0.35,0.0157125535690723,77,0,0,1,0.0,1,0,0,0,0,0,1
79,1,,0.0103749999999999,0.0566042302488321,78,0,1,0,0.2,0,0,1,0,0,0,1
80,1,,0.375,0.0243495783570407,79,0,0,1,0.0,0,0,0,1,0,0,1
81,0,,0.275,0.0175668300772237,80,0,0,1,0.0,1,0,0,0,0,0,1
82,1,,0.3625,0.0185427650815139,81,0,0,1,0.0,1,0,0,0,0,0,1
83,1,,0.35,0.01520018769182,82,0,0,1,0.0,0,0,0,1,0,1,0
84,0,,0.35,0.0919330774041378,83,1,0,0,0.0,1,0,0,0,0,0,1
85,1,,0.2125,0.0204946350900944,84,0,1,0,0.0,0,0,0,1,0,0,1
86,1,,0.4125,0.0309371396359996,85,0,0,1,0.3,1,0,0,0,0,0,1
87,0,,0.2,0.0670955315449519,86,0,0,1,0.4,1,0,0,0,0,0,1
88,0,,0.35,0.0157125535690723,87,0,0,1,0.0,1,0,0,0,0,0,1
89,1,,0.2875,0.5133418122566505,88,1,0,0,0.5,0,0,0,1,0,0,1
90,0,,0.3,0.0157125535690723,89,0,0,1,0.0,1,0,0,0,0,0,1
91,0,,0.3625,0.0157125535690723,90,0,0,1,0.0,1,0,0,0,0,0,1
92,0,,0.25,0.0153303774213923,91,0,0,1,0.0,1,0,0,0,0,0,1
93,0,,0.575,0.1194056477749072,92,1,0,0,0.1,1,0,0,0,0,0,1
94,0,,0.325,0.0401597254265421,93,0,0,1,0.3,1,0,0,0,0,0,1
95,0,,0.7375,0.014151057562208,94,0,0,1,0.0,1,0,0,0,0,0,1
96,0,,0.35,0.0157125535690723,95,0,0,1,0.0,1,0,0,0,0,0,1
97,0,,0.8875,0.0676404936513476,96,1,0,0,0.0,1,0,0,0,1,0,0
98,1,,0.2875,0.1236671655646408,97,1,0,0,0.1,1,0,0,0,1,0,0
99,1,,0.425,0.0448930101973496,98,0,1,0,0.1,1,0,0,0,0,0,1
100,0,,0.425,0.0507486202230909,99,0,1,0,0.1,1,0,0,0,0,0,1
101,0,,0.35,0.0154115752137492,100,0,0,1,0.0,0,0,0,1,0,0,1
102,0,,0.35,0.0154115752137492,101,0,0,1,0.0,1,0,0,0,0,0,1
103,0,,0.2625,0.1508551532881592,102,1,0,0,0.1,1,0,0,0,0,0,1
104,0,,0.4125,0.0168918734282566,103,0,0,1,0.0,1,0,0,0,0,0,1
105,0,,0.4625,0.0154685698179998,104,0,0,1,0.2,1,0,0,0,0,0,1
106,0,,0.35,0.0154115752137492,105,0,0,1,0.0,1,0,0,0,0,0,1
107,1,,0.2625,0.0149318055656402,106,0,0,1,0.0,0,0,0,1,0,0,1
108,1,,0.35,0.0151757893167127,107,0,0,1,0.0,1,0,0,0,0,0,1
109,0,,0.475,0.0154115752137492,108,0,0,1,0.0,1,0,0,0,0,0,1
110,1,,0.35,0.0471376607072171,109,0,0,1,0.1,0,0,0,1,0,1,0
111,0,,0.5875,0.1014972404461818,110,1,0,0,0.0,1,0,0,0,0,0,1
112,0,,0.18125,0.0282127194780231,111,0,0,1,0.1,0,0,0,1,1,0,0
113,0,,0.275,0.0157125535690723,112,0,0,1,0.0,1,0,0,0,0,0,1
114,0,,0.25,0.0191771228343026,113,0,0,1,0.1,0,0,0,1,0,0,1
115,0,,0.2125,0.0282207221450582,114,0,0,1,0.0,0,0,0,1,1,0,0
116,0,,0.2625,0.0154685698179998,115,0,0,1,0.0,1,0,0,0,0,0,1
117,0,,0.88125,0.0151269925664982,116,0,0,1,0.0,1,0,0,0,0,1,0
118,0,,0.3625,0.0409892701801888,117,0,1,0,0.1,1,0,0,0,0,0,1
119,0,,0.3,0.4831284260198326,118,1,0,0,0.1,1,0,0,0,1,0,0
120,0,,0.025,0.0610447345183526,119,0,0,1,0.6,0,0,0,1,0,0,1
121,0,,0.2625,0.1434624456306609,120,0,1,0,0.2,1,0,0,0,0,0,1
122,0,,0.35,0.0157125535690723,121,0,0,1,0.0,1,0,0,0,0,0,1
123,0,,0.40625,0.0586942926540201,122,0,1,0,0.1,1,0,0,0,1,0,0
124,1,,0.40625,0.0253743101115454,123,0,1,0,0.0,0,0,0,1,0,0,1
125,0,,0.675,0.1508551532881592,124,1,0,0,0.1,1,0,0,0,0,0,1
126,1,,0.15,0.0219423370754585,125,0,0,1,0.1,0,0,1,0,1,0,0
127,0,,0.35,0.0151269925664982,126,0,0,1,0.0,1,0,0,0,0,1,0
128,1,,0.3,0.0139396700402787,127,0,0,1,0.0,1,0,0,0,0,0,1
129,1,,0.35,0.0436404952128436,128,0,0,1,0.2,0,0,0,1,1,0,0
130,0,,0.5625,0.0136142933098484,129,0,0,1,0.0,1,0,0,0,0,0,1
131,0,,0.4125,0.0154115752137492,130,0,0,1,0.0,1,0,0,0,1,0,0
132,0,,0.25,0.0137606835604919,131,0,0,1,0.0,1,0,0,0,0,0,1
133,0,,0.5875,0.028302115124416,132,0,0,1,0.1,1,0,0,0,0,0,1
134,1,,0.3625,0.0507486202230909,133,0,1,0,0.1,1,0,0,0,0,0,1
135,0,,0.3125,0.0253743101115454,134,0,1,0,0.0,1,0,0,0,0,0,1
136,0,,0.2875,0.0293674457750992,135,0,1,0,0.0,1,0,0,0,1,0,0
137,1,,0.2375,0.0513015849965217,136,1,0,0,0.2,0,0,0,1,0,0,1
138,0,,0.4625,0.1036442974556203,137,1,0,0,0.1,1,0,0,0,0,0,1
139,0,,0.2,0.0179898003080831,138,0,0,1,0.0,1,0,0,0,0,0,1
140,0,,0.3,0.1545881046795693,139,1,0,0,0.0,1,0,0,0,1,0,0
141,0,,0.35,0.0297578197768153,140,0,0,1,0.2,1,0,0,0,1,0,0
142,1,,0.275,0.0151269925664982,141,0,0,1,0.0,0,0,0,1,0,0,1
143,1,,0.3,0.0309371396359996,142,0,0,1,0.1,1,0,0,0,0,0,1
144,0,,0.2375,0.0131751225579178,143,0,0,1,0.0,1,0,0,0,0,1,0
145,0,,0.225,0.0224465050986748,144,0,1,0,0.0,1,0,0,0,0,0,1
146,0,,0.2375,0.0717312228153304,145,0,1,0,0.2,1,0,0,0,0,0,1
147,1,,0.3375,0.0152163882128912,146,0,0,1,0.0,1,0,0,0,0,0,1
148,0,,0.1125,0.0670955315449519,147,0,0,1,0.4,0,0,0,1,0,0,1
149,0,,0.45625,0.0507486202230909,148,0,1,0,0.2,1,0,0,0,0,0,1
150,0,,0.525,0.0253743101115454,149,0,1,0,0.0,1,0,0,0,0,0,1
151,0,,0.6375,0.0244471718574697,150,0,1,0,0.0,1,0,0,0,0,0,1
152,1,,0.275,0.1299945425714559,151,1,0,0,0.1,1,0,0,0,0,0,1
153,0,,0.69375,0.0157125535690723,152,0,0,1,0.0,1,0,0,0,0,0,1
154,0,,0.50625,0.028302115124416,153,0,0,1,0.2,1,0,0,0,0,0,1
155,0,,0.35,0.0142730494377443,154,0,0,1,0.0,1,0,0,0,0,0,1
156,0,,0.6375,0.1198042196306593,155,1,0,0,0.1,1,0,0,0,1,0,0
157,1,,0.2,0.0150943963373549,156,0,0,1,0.0,0,0,0,1,0,1,0
158,0,,0.375,0.0157125535690723,157,0,0,1,0.0,1,0,0,0,0,0,1
159,0,,0.35,0.0169080739493278,158,0,0,1,0.0,1,0,0,0,0,0,1
160,0,,0.35,0.1357525590967682,159,0,0,1,1.0,0,0,1,0,0,0,1
161,0,,0.55,0.0314251071381447,160,0,0,1,0.1,1,0,0,0,0,0,1
162,1,,0.5,0.0307419526351416,161,0,1,0,0.0,1,0,0,0,0,0,1
163,0,,0.325,0.0151757893167127,162,0,0,1,0.0,1,0,0,0,0,0,1
164,0,,0.2125,0.0169080739493278,163,0,0,1,0.0,1,0,0,0,0,0,1
165,0,,0.0125,0.0774648409655354,164,0,0,1,0.5,0,0,1,0,0,0,1
166,1,,0.1125,0.0400621319261131,165,0,0,1,0.2,0,0,1,0,0,0,1
167,1,,0.35,0.1073528504719231,166,1,0,0,0.1,1,0,0,0,0,0,1
168,0,,0.5625,0.0544571732393937,167,0,0,1,0.5,1,0,0,0,0,0,1
169,0,,0.35,0.0506022299724474,168,1,0,0,0.0,1,0,0,0,0,0,1
170,0,,0.35,0.1102724576307577,169,0,0,1,0.0,1,0,0,0,0,0,1
171,0,,0.7625,0.065387645287444,170,1,0,0,0.0,1,0,0,0,0,0,1
172,0,,0.05,0.0568482139999047,171,0,0,1,0.5,0,0,1,0,0,1,0
173,1,,0.0125,0.0217307543665283,172,0,0,1,0.2,0,0,0,1,0,0,1
174,0,,0.2625,0.0154685698179998,173,0,0,1,0.0,1,0,0,0,0,0,1
175,0,,0.7,0.0599142114093828,174,1,0,0,0.0,1,0,0,0,1,0,0
176,0,,0.225,0.0153303774213923,175,0,0,1,0.2,1,0,0,0,0,0,1
177,0,,0.35,0.0497076879475149,176,0,0,1,0.4,0,0,1,0,0,0,1
178,0,,0.625,0.0560430676213653,177,1,0,0,0.0,0,0,0,1,1,0,0
179,0,,0.375,0.0253743101115454,178,0,1,0,0.0,1,0,0,0,0,0,1
180,0,,0.45,0.0,179,0,0,1,0.0,1,0,0,0,0,0,1
181,0,,0.35,0.1357525590967682,180,0,0,1,1.0,0,0,0,1,0,0,1
182,0,,0.35,0.0293756436291353,181,0,1,0,0.0,1,0,0,0,1,0,0
183,0,,0.1125,0.0612643198943179,182,0,0,1,0.6,0,0,1,0,0,0,1
184,1,,0.0125,0.0761229303346364,183,0,1,0,0.3,0,0,1,0,0,0,1
185,1,,0.05,0.0429899369389837,184,0,0,1,0.2,0,0,0,1,0,0,1
186,0,,0.35,0.097593500429021,185,1,0,0,0.0,1,0,0,0,0,0,1
187,1,,0.35,0.0302539851329965,186,0,0,1,0.1,1,0,0,0,0,1,0
188,1,,0.5625,0.0518221487278101,187,1,0,0,0.0,1,0,0,0,0,0,1
189,0,,0.5,0.0302539851329965,188,0,0,1,0.2,1,0,0,0,0,1,0
190,0,,0.45,0.0154115752137492,189,0,0,1,0.0,1,0,0,0,0,0,1
191,1,,0.4,0.0253743101115454,190,0,1,0,0.0,1,0,0,0,0,0,1
192,0,,0.2375,0.0253743101115454,191,0,1,0,0.0,1,0,0,0,0,0,1
193,1,,0.2375,0.0153303774213923,192,0,0,1,0.1,0,0,0,1,0,0,1
194,1,,0.0375,0.0507486202230909,193,0,1,0,0.2,0,0,1,0,0,0,1
195,1,,0.55,0.0541073981338561,194,1,0,0,0.0,1,0,0,0,1,0,0
196,1,,0.725,0.2859895551532101,195,1,0,0,0.0,0,0,0,1,1,0,0
197,0,,0.35,0.0151269925664982,196,0,0,1,0.0,1,0,0,0,0,1,0
198,0,,0.525,0.0164039059261115,197,0,0,1,0.1,1,0,0,0,0,0,1
199,1,,0.35,0.0151269925664982,198,0,0,1,0.0,0,0,0,1,0,1,0
200,0,,0.3,0.0253743101115454,199,0,1,0,0.0,1,0,0,0,0,0,1
201,0,,0.35,0.0185427650815139,200,0,0,1,0.0,1,0,0,0,0,0,1
202,0,,0.35,0.1357525590967682,201,0,0,1,1.0,1,0,0,0,0,0,1
203,0,,0.425,0.0126789572017366,202,0,0,1,0.0,1,0,0,0,0,0,1
204,0,,0.56875,0.0141022608119935,203,0,0,1,0.0,1,0,0,0,1,0,0
205,1,,0.225,0.0157125535690723,204,0,0,1,0.0,1,0,0,0,0,0,1
206,0,,0.025,0.0204214399647726,205,0,0,1,0.1,0,0,0,1,0,0,1
207,0,,0.4,0.0309371396359996,206,0,0,1,0.1,1,0,0,0,0,0,1
208,1,,0.325,0.0366707577862046,207,0,0,1,0.0,1,0,0,0,1,0,0
209,1,,0.2,0.0151269925664982,208,0,0,1,0.0,0,0,0,1,0,1,0
210,1,,0.5,0.060507970265993,209,1,0,0,0.0,1,0,0,0,1,0,0
211,0,,0.3,0.0137606835604919,210,0,0,1,0.0,1,0,0,0,0,0,1
212,1,,0.4375,0.0409892701801888,211,0,1,0,0.0,0,0,0,1,0,0,1
213,0,,0.275,0.014151057562208,212,0,0,1,0.0,1,0,0,0,0,0,1
214,0,,0.375,0.0253743101115454,213,0,1,0,0.0,1,0,0,0,0,0,1
215,0,,0.35,0.0151269925664982,214,0,0,1,0.1,1,0,0,0,0,1,0
216,1,,0.3875,0.2210980752219471,215,1,0,0,0.1,0,0,0,1,1,0,0
217,1,,0.3375,0.0154685698179998,216,0,0,1,0.0,0,0,0,1,0,0,1
218,0,,0.525,0.0527004902316713,217,0,1,0,0.1,1,0,0,0,0,0,1
219,1,,0.4,0.1489114811336148,218,1,0,0,0.0,0,0,0,1,1,0,0
220,0,,0.375,0.0204946350900944,219,0,1,0,0.0,1,0,0,0,0,0,1
221,1,,0.2,0.0157125535690723,220,0,0,1,0.0,1,0,0,0,0,0,1
222,0,,0.3375,0.0253743101115454,221,0,1,0,0.0,1,0,0,0,0,0,1
223,0,,0.6375,0.0157125535690723,222,0,0,1,0.0,1,0,0,0,0,0,1
224,0,,0.35,0.0154115752137492,223,0,0,1,0.0,1,0,0,0,0,0,1
225,1,,0.475,0.1756683007722378,224,1,0,0,0.1,1,0,0,0,0,0,1
226,0,,0.275,0.0182499845802269,225,0,0,1,0.0,1,0,0,0,0,0,1
227,1,,0.2375,0.0204946350900944,226,0,1,0,0.0,1,0,0,0,0,0,1
228,0,,0.25625,0.014151057562208,227,0,0,1,0.0,1,0,0,0,0,0,1
229,0,,0.225,0.0253743101115454,228,0,1,0,0.0,1,0,0,0,0,0,1
230,0,,0.35,0.0497076879475149,229,0,0,1,0.4,0,0,0,1,0,0,1
231,1,,0.4375,0.1629323489662505,230,1,0,0,0.1,1,0,0,0,0,0,1
232,0,,0.3625,0.0151757893167127,231,0,0,1,0.0,1,0,0,0,0,0,1
233,0,,0.7375,0.0263502451158356,232,0,1,0,0.0,1,0,0,0,0,0,1
234,1,,0.0625,0.0612643198943179,233,0,0,1,0.6,0,0,0,1,0,0,1
235,0,,0.3,0.0204946350900944,234,0,1,0,0.0,1,0,0,0,0,0,1
236,0,,0.35,0.0147366185647821,235,0,0,1,0.0,0,0,0,1,0,0,1
237,0,,0.55,0.0507486202230909,236,0,1,0,0.1,1,0,0,0,0,0,1
238,1,,0.1,0.051236587725236,237,0,1,0,0.2,0,0,0,1,0,0,1
239,0,,0.2375,0.0204946350900944,238,0,1,0,0.0,1,0,0,0,0,0,1
240,0,,0.4125,0.0239592043553246,239,0,1,0,0.0,1,0,0,0,0,0,1
241,0,,0.35,0.0282127194780231,240,0,0,1,0.1,0,0,0,1,1,0,0
242,1,,0.35,0.0302539851329965,241,0,0,1,0.1,0,0,0,1,0,1,0
243,0,,0.3625,0.0204946350900944,242,0,1,0,0.0,1,0,0,0,0,0,1
244,0,,0.275,0.0139070738111354,243,0,0,1,0.0,1,0,0,0,0,0,1
245,0,,0.375,0.0141022608119935,244,0,0,1,0.0,1,0,0,0,1,0,0
246,0,,0.55,0.1756683007722378,245,1,0,0,0.2,1,0,0,0,0,1,0
247,0,,0.3125,0.0151757893167127,246,0,0,1,0.0,0,0,0,1,0,0,1
248,1,,0.3,0.028302115124416,247,0,1,0,0.2,1,0,0,0,0,0,1
249,1,,0.4625,0.1025789668049371,248,1,0,0,0.2,1,0,0,0,0,0,1
250,0,,0.675,0.0507486202230909,249,0,1,0,0.1,1,0,0,0,0,0,1
251,0,,0.35,0.014151057562208,250,0,0,1,0.0,1,0,0,0,0,0,1
252,0,,0.3625,0.0204214399647726,251,0,0,1,0.2,1,0,0,0,0,0,1
253,0,,0.775,0.0518221487278101,252,1,0,0,0.0,1,0,0,0,0,0,1
254,0,,0.375,0.0314251071381447,253,0,0,1,0.1,1,0,0,0,0,0,1
255,0,,0.5125,0.0394521725484317,254,0,0,1,0.2,1,0,0,0,0,0,1
256,1,,0.3625,0.0297578197768153,255,0,0,1,0.2,1,0,0,0,1,0,0
257,1,,0.35,0.1545881046795693,256,1,0,0,0.0,1,0,0,0,1,0,0
258,1,,0.375,0.1688367557422063,257,1,0,0,0.0,0,0,0,1,0,0,1
259,1,,0.4375,1.0,258,1,0,0,0.0,0,0,0,1,1,0,0
260,1,,0.625,0.0507486202230909,259,0,1,0,0.1,1,0,0,0,0,0,1
261,0,,0.35,0.0151269925664982,260,0,0,1,0.0,1,0,0,0,0,1,0
262,1,,0.0375,0.0612643198943179,261,0,0,1,0.6,0,0,1,0,0,0,1
263,0,,0.65,0.1554664461834305,262,1,0,0,0.2,1,0,0,0,0,0,1
264,0,,0.5,0.0,263,1,0,0,0.0,1,0,0,0,0,0,1
265,0,,0.35,0.0151269925664982,264,0,0,1,0.0,0,0,0,1,0,1,0
266,0,,0.45,0.0204946350900944,265,0,1,0,0.0,1,0,0,0,0,0,1
267,0,,0.2,0.0774648409655354,266,0,0,1,0.5,1,0,0,0,0,0,1
268,1,,0.3125,0.0151757893167127,267,0,0,1,0.1,1,0,0,0,0,0,1
269,1,,0.725,0.2995388511917728,268,1,0,0,0.1,1,0,0,0,0,0,1
270,1,,0.4375,0.2647385704347907,269,1,0,0,0.0,0,0,0,1,0,0,1
271,0,,0.35,0.060507970265993,270,1,0,0,0.0,1,0,0,0,0,0,1
272,1,,0.3125,0.0,271,0,0,1,0.0,1,0,0,0,0,0,1
273,1,,0.5125,0.0380614651673182,272,0,1,0,0.1,1,0,0,0,0,0,1
274,0,,0.4625,0.0579705392548384,273,1,0,0,0.1,1,0,0,0,1,0,0
275,1,,0.35,0.0151269925664982,274,0,0,1,0.0,0,0,0,1,0,1,0
276,1,,0.7875,0.1521644676899149,275,1,0,0,0.1,0,0,0,1,0,0,1
277,0,,0.5625,0.0151269925664982,276,0,0,1,0.0,0,0,0,1,0,0,1
278,0,,0.35,0.0,277,0,1,0,0.0,1,0,0,0,0,0,1
279,0,,0.0875,0.0568482139999047,278,0,0,1,0.5,0,0,1,0,0,1,0
280,1,,0.4375,0.0395253676737535,279,0,0,1,0.2,1,0,0,0,0,0,1
281,0,,0.8125,0.0151269925664982,280,0,0,1,0.0,1,0,0,0,0,1,0
282,0,,0.35,0.0153303774213923,281,0,0,1,0.0,1,0,0,0,0,0,1
283,0,,0.2,0.0185427650815139,282,0,0,1,0.0,1,0,0,0,0,0,1
284,1,,0.2375,0.0157125535690723,283,0,0,1,0.0,1,0,0,0,0,0,1
285,0,,0.35,0.0507486202230909,284,1,0,0,0.0,1,0,0,0,0,0,1
286,0,,0.4125,0.0169080739493278,285,0,0,1,0.0,1,0,0,0,1,0,0
287,1,,0.375,0.0185427650815139,286,0,0,1,0.0,1,0,0,0,0,0,1
288,0,,0.275,0.0154115752137492,287,0,0,1,0.0,1,0,0,0,0,0,1
289,1,,0.525,0.0253743101115454,288,0,1,0,0.0,1,0,0,0,0,0,1
290,1,,0.275,0.0151269925664982,289,0,0,1,0.0,0,0,0,1,0,1,0
291,1,,0.325,0.1539049501765661,290,1,0,0,0.0,0,0,0,1,0,0,1
292,1,,0.2375,0.1777747588854978,291,1,0,0,0.1,1,0,0,0,1,0,0
293,0,,0.45,0.0251303263604729,292,0,1,0,0.0,1,0,0,0,1,0,0
294,0,,0.3,0.0172740495759367,293,0,0,1,0.0,0,0,0,1,0,0,1
295,0,,0.3,0.0154115752137492,294,0,0,1,0.0,1,0,0,0,0,0,1
296,0,,0.35,0.0541073981338561,295,1,0,0,0.0,1,0,0,0,1,0,0
297,0,,0.29375,0.0141104586660295,296,0,0,1,0.0,1,0,0,0,1,0,0
298,0,,0.025,0.2958058998003627,297,1,0,0,0.3,0,0,0,1,0,0,1
299,1,,0.35,0.0595320352617028,298,1,0,0,0.0,1,0,0,0,0,0,1
300,1,,0.625,0.4831284260198326,299,1,0,0,0.1,1,0,0,0,1,0,0
301,1,,0.35,0.0151269925664982,300,0,0,1,0.0,0,0,0,1,0,1,0
302,1,,0.35,0.0453809776994947,301,0,0,1,0.2,1,0,0,0,0,1,0
303,0,,0.2375,0.0,302,0,0,1,0.0,1,0,0,0,0,0,1
304,1,,0.35,0.0241055946059681,303,0,1,0,0.0,0,0,0,1,0,1,0
305,0,,0.35,0.0157125535690723,304,0,0,1,0.0,1,0,0,0,0,0,1
306,1,,0.0115,0.2958058998003627,305,1,0,0,0.3,0,0,1,0,0,0,1
307,1,,0.35,0.2164297877224253,306,1,0,0,0.0,0,0,0,1,1,0,0
308,1,,0.2125,0.2125586439344078,307,1,0,0,0.1,1,0,0,0,1,0,0
309,0,,0.375,0.04684488020593,308,0,1,0,0.1,1,0,0,0,1,0,0
310,1,,0.375,0.1111183980924764,309,1,0,0,0.0,0,0,0,1,1,0,0
311,1,,0.3,0.1623141917345331,310,1,0,0,0.0,0,0,0,1,1,0,0
312,1,,0.225,0.5121218935012878,311,1,0,0,0.4,0,0,0,1,1,0,0
313,0,,0.325,0.0507486202230909,312,0,1,0,0.2,1,0,0,0,0,0,1
314,0,,0.35,0.0154115752137492,313,0,0,1,0.0,1,0,0,0,0,0,1
315,0,,0.5375,0.051236587725236,314,0,1,0,0.2,1,0,0,0,0,0,1
316,1,,0.325,0.0153303774213923,315,0,0,1,0.0,0,0,0,1,0,0,1
317,1,,0.3,0.0507486202230909,316,0,1,0,0.1,1,0,0,0,0,0,1
318,0,,0.675,0.0273261801201258,317,0,1,0,0.0,1,0,0,0,0,0,1
319,1,,0.3875,0.3217983671436256,318,1,0,0,0.2,0,0,0,1,0,0,1
320,1,,0.5,0.2625265161540666,319,1,0,0,0.2,1,0,0,0,1,0,0
321,0,,0.275,0.014151057562208,320,0,0,1,0.0,1,0,0,0,0,0,1
322,0,,0.3375,0.0154115752137492,321,0,0,1,0.0,1,0,0,0,0,0,1
323,1,,0.375,0.0241055946059681,322,0,1,0,0.0,0,0,0,1,0,1,0
324,1,,0.275,0.0566042302488321,323,0,1,0,0.2,1,0,0,0,0,0,1
325,0,,0.35,0.1357525590967682,324,0,0,1,1.0,1,0,0,0,0,0,1
326,1,,0.45,0.2647385704347907,325,1,0,0,0.0,0,0,0,1,1,0,0
327,0,,0.7625,0.0121747891785203,326,0,0,1,0.0,1,0,0,0,0,0,1
328,1,,0.45,0.0253743101115454,327,0,1,0,0.0,1,0,0,0,0,0,1
329,1,,0.3875,0.0400621319261131,328,0,0,1,0.2,1,0,0,0,0,0,1
330,1,,0.2,0.1131678616014859,329,1,0,0,0.1,0,0,0,1,1,0,0
331,1,,0.35,0.0453809776994947,330,0,0,1,0.2,0,0,0,1,0,1,0
332,0,,0.56875,0.0556282952445419,331,1,0,0,0.0,1,0,0,0,0,0,1
333,0,,0.475,0.2995388511917728,332,1,0,0,0.1,1,0,0,0,0,0,1
334,0,,0.2,0.0351336601544475,333,0,0,1,0.2,1,0,0,0,0,0,1
335,1,,0.35,0.2608674266467732,334,1,0,0,0.1,1,0,0,0,0,0,1
336,0,,0.35,0.0154115752137492,335,0,0,1,0.0,1,0,0,0,0,0,1
337,0,,0.3625,0.1299945425714559,336,1,0,0,0.1,1,0,0,0,0,0,1
338,1,,0.5125,0.2625265161540666,337,1,0,0,0.0,0,0,0,1,1,0,0
339,1,,0.5625,0.0157125535690723,338,0,0,1,0.0,1,0,0,0,0,0,1
340,0,,0.5625,0.0692913853046049,339,1,0,0,0.0,1,0,0,0,0,0,1
341,1,,0.025,0.0507486202230909,340,0,1,0,0.2,0,0,1,0,0,0,1
342,1,,0.3,0.5133418122566505,341,1,0,0,0.5,0,0,0,1,0,0,1
343,0,,0.35,0.0253743101115454,342,0,1,0,0.0,1,0,0,0,0,0,1
344,0,,0.3125,0.0253743101115454,343,0,1,0,0.0,1,0,0,0,0,0,1
345,0,,0.45,0.0253743101115454,344,0,1,0,0.0,1,0,0,0,0,0,1
346,1,,0.3,0.0253743101115454,345,0,1,0,0.0,0,0,0,1,0,0,1
347,1,,0.5,0.0253743101115454,346,0,1,0,0.0,0,0,0,1,0,0,1
348,1,,0.35,0.0314251071381447,347,0,0,1,0.1,1,0,0,0,0,0,1
349,1,,0.0375,0.0310347331364286,348,0,0,1,0.2,0,0,1,0,0,0,1
350,0,,0.525,0.0169080739493278,349,0,0,1,0.0,1,0,0,0,0,0,1
351,0,,0.2875,0.0180060008291543,350,0,0,1,0.0,1,0,0,0,0,0,1
352,0,,0.35,0.0683154503003147,351,1,0,0,0.0,1,0,0,0,0,0,1
353,0,,0.1875,0.0141104586660295,352,0,0,1,0.2,1,0,0,0,1,0,0
354,0,,0.3125,0.0347432861527314,353,0,0,1,0.1,1,0,0,0,0,0,1
355,0,,0.35,0.0141022608119935,354,0,0,1,0.0,1,0,0,0,1,0,0
356,0,,0.35,0.0185427650815139,355,0,0,1,0.0,1,0,0,0,0,0,1
357,1,,0.275,0.1073528504719231,356,1,0,0,0.1,0,0,0,1,0,0,1
358,0,,0.475,0.0253743101115454,357,0,1,0,0.0,0,0,0,1,0,0,1
359,1,,0.35,0.0153791741716068,358,0,0,1,0.0,0,0,0,1,0,1,0
360,1,,0.35,0.0153791741716068,359,0,0,1,0.0,0,0,0,1,0,1,0
361,0,,0.5,0.0544571732393937,360,0,0,1,0.5,1,0,0,0,0,0,1
362,0,,0.3625,0.0541073981338561,361,0,1,0,0.1,1,0,0,0,1,0,0
363,0,,0.5625,0.0282127194780231,362,0,0,1,0.1,1,0,0,0,1,0,0
364,0,,0.4375,0.0137606835604919,363,0,0,1,0.0,1,0,0,0,0,0,1
365,0,,0.35,0.0302539851329965,364,0,0,1,0.1,1,0,0,0,0,1,0
366,0,,0.375,0.014151057562208,365,0,0,1,0.0,1,0,0,0,0,0,1
367,1,,0.75,0.1468782181456766,366,1,0,0,0.1,1,0,0,0,1,0,0
368,1,,0.35,0.0141104586660295,367,0,0,1,0.0,1,0,0,0,1,0,0
369,1,,0.35,0.0151269925664982,368,0,0,1,0.0,0,0,0,1,0,1,0
370,1,,0.3,0.1352645915946231,369,1,0,0,0.0,0,1,0,0,1,0,0
371,1,,0.3125,0.1082149914547131,370,1,0,0,0.1,1,0,0,0,1,0,0
372,0,,0.225,0.0126789572017366,371,0,0,1,0.1,1,0,0,0,0,0,1
373,0,,0.2375,0.0157125535690723,372,0,0,1,0.0,1,0,0,0,0,0,1
374,0,,0.275,0.2647385704347907,373,1,0,0,0.0,1,0,0,0,1,0,0
375,0,,0.0375,0.0411356604308323,374,0,0,1,0.4,0,0,0,1,0,0,1
376,1,,0.35,0.16038672010106,375,1,0,0,0.1,1,0,0,0,1,0,0
377,1,,0.275,0.014151057562208,376,0,0,1,0.0,0,0,0,1,0,0,1
378,0,,0.3375,0.4128205068147589,377,1,0,0,0.2,1,0,0,0,1,0,0
379,0,,0.25,0.0078318784094289,378,0,0,1,0.0,1,0,0,0,1,0,0
380,0,,0.2375,0.0151757893167127,379,0,0,1,0.0,1,0,0,0,0,0,1
381,1,,0.525,0.4440992237022602,380,1,0,0,0.0,0,0,0,1,1,0,0
382,1,,0.0125,0.0307257521140704,381,0,0,1,0.2,0,0,0,1,1,0,0
383,0,,0.4,0.0154685698179998,382,0,0,1,0.0,1,0,0,0,0,0,1
384,1,,0.4375,0.1014972404461818,383,1,0,0,0.1,1,0,0,0,0,0,1
385,0,,0.35,0.0154115752137492,384,0,0,1,0.0,1,0,0,0,0,0,1
386,0,,0.225,0.1434624456306609,385,0,1,0,0.0,1,0,0,0,0,0,1
387,0,,0.0125,0.0915427034024217,386,0,0,1,0.7,0,0,1,0,0,0,1
388,1,,0.45,0.0253743101115454,387,0,1,0,0.0,0,0,0,1,0,0,1
389,0,,0.35,0.0150863936703197,388,0,0,1,0.0,1,0,0,0,0,1,0
390,1,,0.2125,0.023422440102965,389,0,1,0,0.0,0,0,0,1,1,0,0
391,1,,0.45,0.2342244010296504,390,1,0,0,0.3,1,0,0,0,0,0,1
392,1,,0.2625,0.0152163882128912,391,0,0,1,0.0,1,0,0,0,0,0,1
393,0,,0.35,0.0154685698179998,392,0,0,1,0.2,1,0,0,0,0,0,1
394,1,,0.2875,0.2210980752219471,393,1,0,0,0.1,0,0,0,1,1,0,0
395,1,,0.3,0.032596229143293,394,0,0,1,0.2,1,0,0,0,0,0,1
396,0,,0.275,0.0152163882128912,395,0,0,1,0.0,1,0,0,0,0,0,1
397,0,,0.3875,0.0153303774213923,396,0,0,1,0.0,0,0,0,1,0,0,1
398,0,,0.575,0.0507486202230909,397,0,1,0,0.0,1,0,0,0,0,0,1
399,0,,0.2875,0.0204946350900944,398,0,1,0,0.0,1,0,0,0,0,0,1
400,1,,0.35,0.0246911556085423,399,0,1,0,0.0,1,0,0,0,0,0,1
401,1,,0.4875,0.0154685698179998,400,0,0,1,0.0,1,0,0,0,0,0,1
402,0,,0.325,0.0157125535690723,401,0,0,1,0.0,1,0,0,0,0,0,1
403,0,,0.2625,0.0191771228343026,402,0,0,1,0.1,0,0,0,1,0,0,1
404,0,,0.35,0.0309371396359996,403,0,0,1,0.1,1,0,0,0,0,0,1
405,0,,0.25,0.0169080739493278,404,0,0,1,0.0,0,0,0,1,0,0,1
406,0,,0.425,0.0409892701801888,405,0,1,0,0.1,1,0,0,0,0,0,1
407,0,,0.6375,0.0151269925664982,406,0,0,1,0.0,1,0,0,0,0,0,1
408,1,,0.0375,0.0365975626608828,407,0,1,0,0.2,0,0,1,0,0,0,1
409,0,,0.2625,0.0151757893167127,408,0,0,1,0.0,1,0,0,0,0,0,1
410,0,,0.35,0.0497076879475149,409,0,0,1,0.4,0,0,0,1,0,0,1
411,0,,0.35,0.0154115752137492,410,0,0,1,0.0,1,0,0,0,0,0,1
412,0,,0.35,0.013386510079847,411,0,0,1,0.0,1,0,0,0,0,1,0
413,1,,0.4125,0.1756683007722378,412,1,0,0,0.1,0,0,0,1,0,1,0
414,0,,0.35,0.0,413,0,1,0,0.0,1,0,0,0,0,0,1
415,1,,0.55,0.0154685698179998,414,0,0,1,0.0,1,0,0,0,0,0,1
416,0,,0.35,0.0157125535690723,415,0,0,1,0.0,1,0,0,0,0,0,1
417,1,,0.425,0.0634357752788636,416,0,1,0,0.2,1,0,0,0,0,0,1
418,1,,0.225,0.0253743101115454,417,0,1,0,0.2,0,0,0,1,0,0,1
419,0,,0.375,0.0253743101115454,418,0,1,0,0.0,1,0,0,0,0,0,1
420,0,,0.125,0.0471376607072171,419,0,0,1,0.2,0,0,0,1,0,0,1
421,0,,0.35,0.0154115752137492,420,0,0,1,0.0,1,0,0,0,1,0,0
422,0,,0.2625,0.0150943963373549,421,0,0,1,0.0,1,0,0,0,0,1,0
423,0,,0.3625,0.0153709763175708,422,0,0,1,0.0,1,0,0,0,0,0,1
424,0,,0.35,0.028106928123558,423,0,0,1,0.2,1,0,0,0,0,0,1
425,0,,0.225,0.0394521725484317,424,0,0,1,0.2,1,0,0,0,0,0,1
426,0,,0.35,0.014151057562208,425,0,0,1,0.0,1,0,0,0,0,0,1
427,1,,0.35,0.0507486202230909,426,0,1,0,0.1,1,0,0,0,0,0,1
428,1,,0.2375,0.0507486202230909,427,0,1,0,0.0,1,0,0,0,0,0,1
429,0,,0.35,0.0151269925664982,428,0,0,1,0.0,1,0,0,0,0,1,0
430,1,,0.4,0.0157125535690723,429,0,0,1,0.0,1,0,0,0,0,0,1
431,1,,0.35,0.0518221487278101,430,1,0,0,0.0,1,0,0,0,0,0,1
432,1,,0.35,0.0314251071381447,431,0,0,1,0.1,1,0,0,0,0,0,1
433,1,,0.525,0.0507486202230909,432,0,1,0,0.1,1,0,0,0,0,0,1
434,0,,0.2125,0.0139070738111354,433,0,0,1,0.0,1,0,0,0,0,0,1
435,0,,0.625,0.1091095334796455,434,1,0,0,0.1,1,0,0,0,0,0,1
436,1,,0.175,0.2342244010296504,435,1,0,0,0.3,0,0,0,1,0,0,1
437,0,,0.2625,0.0670955315449519,436,0,0,1,0.4,0,0,0,1,0,0,1
438,1,,0.3,0.0365975626608828,437,0,1,0,0.5,1,0,0,0,0,0,1
439,0,,0.8,0.5133418122566505,438,1,0,0,0.5,1,0,0,0,0,0,1
440,0,,0.3875,0.0204946350900944,439,0,1,0,0.0,1,0,0,0,0,0,1
441,1,,0.5625,0.051236587725236,440,0,1,0,0.2,1,0,0,0,0,0,1
442,0,,0.25,0.0185427650815139,441,0,0,1,0.0,1,0,0,0,0,0,1
443,0,,0.3125,0.0151757893167127,442,0,0,1,0.1,1,0,0,0,0,0,1
444,1,,0.35,0.0253743101115454,443,0,1,0,0.0,0,1,0,0,0,0,1
445,1,,0.35,0.0158345454446086,444,0,0,1,0.0,1,0,0,0,0,0,1
446,1,,0.05,0.1597767607233786,445,1,0,0,0.2,0,0,1,0,0,0,1
447,1,,0.1625,0.0380614651673182,446,0,1,0,0.1,0,0,0,1,0,0,1
448,1,,0.425,0.0518221487278101,447,1,0,0,0.0,1,0,0,0,0,0,1
449,1,,0.0625,0.0375896981862443,448,0,0,1,0.3,0,0,0,1,1,0,0
450,1,,0.65,0.0595320352617028,449,1,0,0,0.0,1,0,0,0,0,0,1
451,0,,0.45,0.0541643927381066,450,0,1,0,0.3,1,0,0,0,0,0,1
452,0,,0.35,0.0389724029003226,451,0,0,1,0.1,1,0,0,0,0,0,1
453,0,,0.375,0.0541643927381066,452,1,0,0,0.0,1,0,0,0,1,0,0
454,1,,0.6125,0.1739198156185515,453,1,0,0,0.1,1,0,0,0,1,0,0
455,0,,0.35,0.0157125535690723,454,0,0,1,0.0,1,0,0,0,0,0,1
456,1,,0.3625,0.0154115752137492,455,0,0,1,0.0,1,0,0,0,1,0,0
457,0,,0.8125,0.0518221487278101,456,1,0,0,0.0,1,0,0,0,0,0,1
458,1,,0.35,0.101228858320002,457,1,0,0,0.1,1,0,0,0,0,0,1
459,1,,0.625,0.0204946350900944,458,0,1,0,0.0,0,0,0,1,0,0,1
460,0,,0.35,0.0151269925664982,459,0,0,1,0.0,1,0,0,0,0,1,0
461,1,,0.6,0.0518221487278101,460,1,0,0,0.0,1,0,0,0,0,0,1
462,0,,0.425,0.0157125535690723,461,0,0,1,0.0,1,0,0,0,0,0,1
463,0,,0.5875,0.0751469953303461,462,1,0,0,0.0,1,0,0,0,0,0,1
464,0,,0.6,0.0253743101115454,463,0,1,0,0.0,1,0,0,0,0,0,1
465,0,,0.35,0.0157125535690723,464,0,0,1,0.0,1,0,0,0,0,0,1
466,0,,0.475,0.0137606835604919,465,0,0,1,0.0,1,0,0,0,0,0,1
467,0,,0.35,0.0,466,0,1,0,0.0,1,0,0,0,0,0,1
468,0,,0.7,0.0518221487278101,467,1,0,0,0.0,1,0,0,0,0,0,1
469,0,,0.35,0.0150781958162837,468,0,0,1,0.0,1,0,0,0,0,1,0
470,1,,0.009375,0.0375896981862443,469,0,0,1,0.3,0,0,0,1,1,0,0
471,0,,0.35,0.014151057562208,470,0,0,1,0.0,1,0,0,0,0,0,1
472,0,,0.475,0.0169080739493278,471,0,0,1,0.0,1,0,0,0,0,0,1
473,1,,0.4125,0.0541643927381066,472,0,1,0,0.3,1,0,0,0,0,0,1
474,1,,0.2875,0.0269196055973385,473,0,1,0,0.0,1,0,0,0,1,0,0
475,0,,0.275,0.0192015212094098,474,0,0,1,0.0,0,0,0,1,0,0,1
476,0,,0.35,0.1014972404461818,475,1,0,0,0.0,1,0,0,0,0,0,1
477,0,,0.425,0.0409892701801888,476,0,1,0,0.1,1,0,0,0,0,0,1
478,0,,0.3625,0.0137524857064559,477,0,0,1,0.1,1,0,0,0,0,0,1
479,0,,0.275,0.0146796239605316,478,0,0,1,0.0,1,0,0,0,0,0,1
480,1,,0.025,0.0239836027304319,479,0,0,1,0.1,0,0,0,1,0,0,1
481,0,,0.1125,0.0915427034024217,480,0,0,1,0.7,0,0,1,0,0,0,1
482,0,,0.35,0.0,481,0,1,0,0.0,1,0,0,0,0,0,1
483,0,,0.625,0.0157125535690723,482,0,0,1,0.0,1,0,0,0,0,0,1
484,1,,0.7875,0.0187135537072647,483,0,0,1,0.0,1,0,0,0,0,0,1
485,1,,0.3125,0.1777747588854978,484,1,0,0,0.1,1,0,0,0,1,0,0
486,0,,0.35,0.0497076879475149,485,0,0,1,0.4,0,0,0,1,0,0,1
487,1,,0.4375,0.1756683007722378,486,1,0,0,0.1,1,0,0,0,0,0,1
488,0,,0.725,0.0579705392548384,487,1,0,0,0.0,1,0,0,0,1,0,0
489,0,,0.375,0.0157125535690723,488,0,0,1,0.0,1,0,0,0,0,0,1
490,1,,0.1125,0.0310347331364286,489,0,0,1,0.2,0,0,1,0,0,0,1
491,0,,0.35,0.0389724029003226,490,0,0,1,0.1,1,0,0,0,0,0,1
492,0,,0.2625,0.014151057562208,491,0,0,1,0.0,1,0,0,0,0,0,1
493,0,,0.6875,0.0595320352617028,492,1,0,0,0.0,1,0,0,0,0,0,1
494,0,,0.8875,0.0966257632787668,493,1,0,0,0.0,1,0,0,0,1,0,0
495,0,,0.2625,0.0157125535690723,494,0,0,1,0.0,1,0,0,0,0,0,1
496,0,,0.35,0.0282207221450582,495,0,0,1,0.0,1,0,0,0,1,0,0
497,1,,0.675,0.1527664244005612,496,1,0,0,0.1,0,0,0,1,1,0,0
498,0,,0.35,0.0294732371295643,497,0,0,1,0.0,1,0,0,0,0,0,1
499,0,,0.3125,0.2958058998003627,498,1,0,0,0.3,1,0,0,0,0,0,1
500,0,,0.3,0.0152163882128912,499,0,0,1,0.0,1,0,0,0,0,0,1
501,0,,0.2125,0.0169080739493278,500,0,0,1,0.0,1,0,0,0,0,0,1
502,0,,0.2625,0.0151269925664982,501,0,0,1,0.0,0,0,0,1,0,1,0
503,0,,0.35,0.0148912066694617,502,0,0,1,0.0,0,0,0,1,0,1,0
504,0,,0.4625,0.0187135537072647,503,0,0,1,0.0,0,0,0,1,0,0,1
505,1,,0.2,0.1688367557422063,504,1,0,0,0.0,0,0,0,1,0,0,1
506,0,,0.225,0.2125586439344078,505,1,0,0,0.1,1,0,0,0,1,0,0
507,1,,0.4125,0.0507486202230909,506,0,1,0,0.2,1,0,0,0,0,0,1
508,1,,0.35,0.0518221487278101,507,1,0,0,0.0,1,0,0,0,0,0,1
509,0,,0.35,0.0439658719432739,508,0,0,1,0.0,1,0,0,0,0,0,1
510,1,,0.325,0.1102724576307577,509,0,0,1,0.0,1,0,0,0,0,0,1
511,1,,0.3625,0.0151269925664982,510,0,0,1,0.0,1,0,0,0,0,1,0
512,0,,0.35,0.0157125535690723,511,0,0,1,0.0,1,0,0,0,0,0,1
513,1,,0.45,0.0513097828505578,512,1,0,0,0.0,1,0,0,0,0,0,1
514,1,,0.675,0.1159410785096769,513,1,0,0,0.1,1,0,0,0,1,0,0
515,0,,0.3,0.0146308272103171,514,0,0,1,0.0,1,0,0,0,0,0,1
516,0,,0.5875,0.0664041791879127,515,1,0,0,0.0,1,0,0,0,0,0,1
517,1,,0.425,0.0204946350900944,516,0,1,0,0.0,1,0,0,0,0,0,1
518,0,,0.35,0.0471376607072171,517,0,0,1,0.0,1,0,0,0,0,1,0
519,1,,0.45,0.0507486202230909,518,0,1,0,0.1,1,0,0,0,0,0,1
520,0,,0.4,0.0154115752137492,519,0,0,1,0.0,1,0,0,0,0,0,1
521,1,,0.375,0.1824998458022693,520,1,0,0,0.0,0,0,0,1,0,0,1
522,0,,0.275,0.0154115752137492,521,0,0,1,0.0,1,0,0,0,0,0,1
523,0,,0.35,0.0141022608119935,522,0,0,1,0.0,1,0,0,0,1,0,0
524,1,,0.55,0.1131678616014859,523,1,0,0,0.1,1,0,0,0,1,0,0
525,0,,0.35,0.0141104586660295,524,0,0,1,0.0,1,0,0,0,1,0,0
526,0,,0.50625,0.0151269925664982,525,0,0,1,0.0,1,0,0,0,0,1,0
527,1,,0.625,0.0204946350900944,526,0,1,0,0.0,0,0,0,1,0,0,1
528,0,,0.35,0.4328841690069588,527,1,0,0,0.0,1,0,0,0,0,0,1
529,0,,0.4875,0.0154685698179998,528,0,0,1,0.0,1,0,0,0,0,0,1
530,0,,0.2875,0.0224465050986748,529,0,1,0,0.3,1,0,0,0,0,0,1
531,1,,0.025,0.0507486202230909,530,0,1,0,0.2,0,0,0,1,0,0,1
532,0,,0.35,0.0141104586660295,531,0,0,1,0.0,1,0,0,0,1,0,0
533,0,,0.2125,0.0141104586660295,532,0,0,1,0.2,1,0,0,0,1,0,0
534,1,,0.35,0.0436404952128436,533,0,0,1,0.2,1,0,0,0,1,0,0
535,0,,0.375,0.0169080739493278,534,0,0,1,0.0,0,0,0,1,0,0,1
536,1,,0.0875,0.051236587725236,535,0,1,0,0.2,0,0,0,1,0,0,1
537,0,,0.5625,0.0518221487278101,536,1,0,0,0.0,1,0,0,0,0,0,1
538,1,,0.375,0.2077277656631712,537,1,0,0,0.0,0,0,0,1,1,0,0
539,0,,0.35,0.028302115124416,538,0,0,1,0.0,1,0,0,0,0,0,1
540,1,,0.275,0.0966175654247308,539,1,0,0,0.2,0,0,0,1,1,0,0
541,1,,0.45,0.1385827706092098,540,1,0,0,0.2,0,0,0,1,0,0,1
542,0,,0.1125,0.0610447345183526,541,0,0,1,0.6,0,0,0,1,0,0,1
543,0,,0.1375,0.0610447345183526,542,0,0,1,0.6,0,0,0,1,0,0,1
544,1,,0.4,0.0507486202230909,543,0,1,0,0.1,1,0,0,0,0,0,1
545,0,,0.625,0.2077277656631712,544,1,0,0,0.1,1,0,0,0,1,0,0
546,0,,0.8,0.0507486202230909,545,1,0,0,0.0,1,0,0,0,0,0,1
547,1,,0.2375,0.0507486202230909,546,0,1,0,0.1,1,0,0,0,0,0,1
548,1,,0.35,0.027057797993946,547,0,1,0,0.0,1,0,0,0,1,0,0
549,0,,0.4125,0.0400621319261131,548,0,0,1,0.2,1,0,0,0,0,0,1
550,1,,0.1,0.0717312228153304,549,0,1,0,0.2,0,0,1,0,0,0,1
551,1,,0.2125,0.2164297877224253,550,1,0,0,0.2,1,0,0,0,1,0,0
552,0,,0.3375,0.0507486202230909,551,0,1,0,0.0,1,0,0,0,0,0,1
553,0,,0.35,0.0152815806711778,552,0,0,1,0.0,1,0,0,0,0,1,0
554,1,,0.275,0.0141022608119935,553,0,0,1,0.0,1,0,0,0,1,0,0
555,1,,0.275,0.0151757893167127,554,0,0,1,0.0,0,0,0,1,0,0,1
556,0,,0.775,0.0518221487278101,555,1,0,0,0.0,1,0,0,0,0,0,1
557,1,,0.6,0.0772940523397846,556,1,0,0,0.1,1,0,0,0,1,0,0
558,0,,0.35,0.4440992237022602,557,1,0,0,0.0,1,0,0,0,1,0,0
559,1,,0.4875,0.1554664461834305,558,1,0,0,0.2,1,0,0,0,0,0,1
560,1,,0.45,0.0339625381492993,559,0,0,1,0.1,1,0,0,0,0,0,1
561,0,,0.35,0.0151269925664982,560,0,0,1,0.0,1,0,0,0,0,1,0
562,0,,0.5,0.0154115752137492,561,0,0,1,0.0,1,0,0,0,0,0,1
563,0,,0.35,0.0263502451158356,562,0,1,0,0.0,1,0,0,0,0,0,1
564,0,,0.35,0.0157125535690723,563,0,0,1,0.0,1,0,0,0,0,0,1
565,0,,0.35,0.0157125535690723,564,0,0,1,0.0,0,0,0,1,0,0,1
566,0,,0.3,0.0471376607072171,565,0,0,1,0.2,1,0,0,0,0,0,1
567,0,,0.2375,0.0154115752137492,566,0,0,1,0.0,1,0,0,0,0,0,1
568,0,,0.3625,0.0411356604308323,567,0,0,1,0.4,1,0,0,0,0,0,1
569,0,,0.35,0.0141104586660295,568,0,0,1,0.0,1,0,0,0,1,0,0
570,1,,0.4,0.0153303774213923,569,0,0,1,0.0,1,0,0,0,0,0,1
571,1,,0.775,0.0204946350900944,570,0,1,0,0.0,1,0,0,0,0,0,1
572,1,,0.6625,0.1004807065457131,571,1,0,0,0.2,1,0,0,0,0,0,1
573,1,,0.45,0.0515049698514158,572,1,0,0,0.0,1,0,0,0,0,0,1
574,1,,0.35,0.0151269925664982,573,0,0,1,0.0,0,0,0,1,0,1,0
575,0,,0.2,0.0157125535690723,574,0,0,1,0.0,1,0,0,0,0,0,1
576,0,,0.2375,0.028302115124416,575,0,0,1,0.0,1,0,0,0,0,0,1
577,1,,0.425,0.0253743101115454,576,0,1,0,0.0,0,0,0,1,0,0,1
578,1,,0.4875,0.1091095334796455,577,1,0,0,0.1,1,0,0,0,0,0,1
579,0,,0.35,0.0282207221450582,578,0,0,1,0.1,1,0,0,0,1,0,0
580,1,,0.4,0.0154685698179998,579,0,0,1,0.0,1,0,0,0,0,0,1
581,1,,0.3125,0.0585561002574126,580,0,1,0,0.2,0,0,0,1,0,0,1
582,1,,0.4875,0.2164297877224253,581,1,0,0,0.2,1,0,0,0,1,0,0
583,0,,0.675,0.0507486202230909,582,0,1,0,0.0,1,0,0,0,0,0,1
584,0,,0.45,0.0783187840942893,583,1,0,0,0.0,1,0,0,0,1,0,0
585,0,,0.35,0.0170056674497569,584,0,0,1,0.0,1,0,0,0,1,0,0
586,1,,0.225,0.1554664461834305,585,1,0,0,0.2,0,0,0,1,0,0,1
587,0,,0.5875,0.0292780501287063,586,0,1,0,0.0,1,0,0,0,0,0,1
588,1,,0.75,0.1545881046795693,587,1,0,0,0.2,1,0,0,0,1,0,0
589,0,,0.275,0.0157125535690723,588,0,0,1,0.0,1,0,0,0,0,0,1
590,0,,0.35,0.0157125535690723,589,0,0,1,0.0,1,0,0,0,0,0,1
591,0,,0.4375,0.0139070738111354,590,0,0,1,0.0,1,0,0,0,0,0,1
592,1,,0.65,0.1527664244005612,591,1,0,0,0.1,1,0,0,0,1,0,0
593,0,,0.5875,0.014151057562208,592,0,0,1,0.0,1,0,0,0,0,0,1
594,0,,0.35,0.0151269925664982,593,0,0,1,0.2,0,0,0,1,0,1,0
595,0,,0.4625,0.0507486202230909,594,0,1,0,0.1,1,0,0,0,0,0,1
596,0,,0.45,0.0471376607072171,595,0,0,1,0.2,1,0,0,0,0,0,1
597,1,,0.35,0.0644117102831538,596,0,1,0,0.0,0,0,0,1,0,0,1
598,0,,0.6125,0.0,597,0,0,1,0.0,1,0,0,0,0,0,1
599,0,,0.35,0.0141022608119935,598,0,0,1,0.0,1,0,0,0,1,0,0
600,1,,0.6125,0.1111183980924764,599,1,0,0,0.1,1,0,0,0,1,0,0
601,1,,0.3,0.0527004902316713,600,0,1,0,0.3,1,0,0,0,0,0,1
602,0,,0.35,0.0154115752137492,601,0,0,1,0.0,1,0,0,0,0,0,1
603,0,,0.35,0.0827592883638098,602,1,0,0,0.0,1,0,0,0,0,0,1
604,0,,0.55,0.0157125535690723,603,0,0,1,0.0,1,0,0,0,0,0,1
605,1,,0.4375,0.0518221487278101,604,1,0,0,0.0,1,0,0,0,1,0,0
606,0,,0.45,0.0303515786334255,605,0,0,1,0.1,1,0,0,0,0,0,1
607,0,,0.375,0.0154115752137492,606,0,0,1,0.0,1,0,0,0,0,0,1
608,1,,0.3375,0.0595320352617028,607,1,0,0,0.0,1,0,0,0,0,0,1
609,1,,0.275,0.081157193460767,608,0,1,0,0.3,1,0,0,0,1,0,0
610,1,,0.5,0.2995388511917728,609,1,0,0,0.0,0,0,0,1,0,0,1
611,0,,0.4875,0.0610447345183526,610,0,0,1,0.6,1,0,0,0,0,0,1
612,0,,0.35,0.0137606835604919,611,0,0,1,0.0,1,0,0,0,0,0,1
613,1,,0.35,0.0302539851329965,612,0,0,1,0.1,0,0,0,1,0,1,0
614,0,,0.35,0.0151269925664982,613,0,0,1,0.0,1,0,0,0,0,1,0
615,0,,0.4375,0.0157125535690723,614,0,0,1,0.0,1,0,0,0,0,0,1
616,1,,0.3,0.1268715505577273,615,0,1,0,0.3,0,0,0,1,0,0,1
617,0,,0.425,0.028106928123558,616,0,0,1,0.2,1,0,0,0,0,0,1
618,0,,0.325,0.0314251071381447,617,0,0,1,0.1,1,0,0,0,0,0,1
619,1,,0.05,0.0761229303346364,618,0,1,0,0.3,0,0,0,1,0,0,1
620,0,,0.325,0.0204946350900944,619,0,1,0,0.0,1,0,0,0,0,0,1
621,0,,0.3375,0.0282127194780231,620,0,0,1,0.1,1,0,0,0,1,0,0
622,1,,0.525,0.1025789668049371,621,1,0,0,0.1,1,0,0,0,0,0,1
623,1,,0.25,0.0307257521140704,622,0,0,1,0.2,1,0,0,0,1,0,0
624,0,,0.2625,0.0153303774213923,623,0,0,1,0.0,1,0,0,0,0,0,1
625,0,,0.2625,0.0314251071381447,624,0,0,1,0.0,1,0,0,0,0,0,1
626,0,,0.7625,0.063086000173326,625,1,0,0,0.0,1,0,0,0,0,0,1
627,0,,0.7125,0.0241055946059681,626,0,1,0,0.0,1,0,0,0,0,1,0
628,1,,0.2625,0.1521644676899149,627,1,0,0,0.0,0,0,0,1,0,0,1
629,0,,0.325,0.0154115752137492,628,0,0,1,0.0,1,0,0,0,0,0,1
630,0,,0.35,0.0150943963373549,629,0,0,1,0.0,1,0,0,0,0,1,0
631,1,,1.0,0.0585561002574126,630,1,0,0,0.0,1,0,0,0,0,0,1
632,0,,0.6375,0.013768881414528,631,0,0,1,0.0,1,0,0,0,0,0,1
633,1,,0.4,0.0595320352617028,632,1,0,0,0.0,1,0,0,0,1,0,0
634,0,,0.35,0.0,633,1,0,0,0.0,1,0,0,0,0,0,1
635,0,,0.1125,0.0544571732393937,634,0,0,1,0.5,0,0,0,1,0,0,1
636,1,,0.35,0.0253743101115454,635,0,1,0,0.0,0,0,0,1,0,0,1
637,0,,0.4,0.0154685698179998,636,0,0,1,0.0,1,0,0,0,0,0,1
638,0,,0.3875,0.051236587725236,637,0,1,0,0.2,1,0,0,0,0,0,1
639,0,,0.5125,0.0774648409655354,638,0,0,1,0.5,1,0,0,0,0,0,1
640,0,,0.35,0.0314251071381447,639,0,0,1,0.1,1,0,0,0,0,0,1
641,0,,0.25,0.0153303774213923,640,0,0,1,0.0,1,0,0,0,0,0,1
642,1,,0.3,0.1352645915946231,641,1,0,0,0.0,0,1,0,0,1,0,0
643,0,,0.025,0.0544571732393937,642,0,0,1,0.5,0,0,0,1,0,0,1
644,1,,0.35,0.1102724576307577,643,0,0,1,0.0,1,0,0,0,0,0,1
645,1,,0.009375,0.0375896981862443,644,0,0,1,0.3,0,0,0,1,1,0,0
646,1,,0.6,0.1497654242623688,645,1,0,0,0.1,1,0,0,0,1,0,0
647,0,,0.2375,0.0154115752137492,646,0,0,1,0.0,1,0,0,0,0,0,1
648,1,,0.7,0.0692913853046049,647,1,0,0,0.0,1,0,0,0,1,0,0
649,0,,0.35,0.0147366185647821,648,0,0,1,0.0,1,0,0,0,0,0,1
650,1,,0.2875,0.0147366185647821,649,0,0,1,0.0,0,0,0,1,0,0,1
651,0,,0.35,0.0154115752137492,650,0,0,1,0.0,1,0,0,0,0,0,1
652,1,,0.225,0.0448930101973496,651,0,1,0,0.1,0,0,0,1,0,0,1
653,0,,0.2625,0.0164607053433612,652,0,0,1,0.0,1,0,0,0,0,0,1
654,1,,0.35,0.0152815806711778,653,0,0,1,0.0,0,0,0,1,0,1,0
655,0,,0.225,0.0131751225579178,654,0,0,1,0.0,0,0,0,1,0,1,0
656,0,,0.3,0.1434624456306609,655,0,1,0,0.2,1,0,0,0,0,0,1
657,0,,0.35,0.0154115752137492,656,0,0,1,0.0,1,0,0,0,0,0,1
658,0,,0.4,0.0302539851329965,657,0,0,1,0.2,1,0,0,0,0,1,0
659,0,,0.2875,0.0253743101115454,658,0,1,0,0.0,1,0,0,0,0,0,1
660,0,,0.725,0.2210980752219471,659,1,0,0,0.2,1,0,0,0,1,0,0
661,1,,0.625,0.2608674266467732,660,1,0,0,0.2,1,0,0,0,0,0,1
662,0,,0.5,0.0141022608119935,661,0,0,1,0.0,1,0,0,0,1,0,0
663,0,,0.5875,0.0499434738445515,662,1,0,0,0.0,1,0,0,0,0,0,1
664,0,,0.45,0.0146308272103171,663,0,0,1,0.0,1,0,0,0,0,0,1
665,1,,0.25,0.0154685698179998,664,0,0,1,0.1,1,0,0,0,0,0,1
666,0,,0.4,0.1434624456306609,665,0,1,0,0.2,1,0,0,0,0,0,1
667,0,,0.3125,0.0253743101115454,666,0,1,0,0.0,1,0,0,0,0,0,1
668,0,,0.35,0.0151757893167127,667,0,0,1,0.0,1,0,0,0,0,0,1
669,0,,0.5375,0.0157125535690723,668,0,0,1,0.0,1,0,0,0,0,0,1
670,1,,0.35,0.1014972404461818,669,1,0,0,0.1,1,0,0,0,0,0,1
671,1,,0.5,0.0761229303346364,670,0,1,0,0.2,1,0,0,0,0,0,1
672,0,,0.3875,0.1014972404461818,671,1,0,0,0.1,1,0,0,0,0,0,1
673,0,,0.875,0.0204946350900944,672,0,1,0,0.0,1,0,0,0,0,0,1
674,1,,0.3875,0.0253743101115454,673,0,1,0,0.0,1,0,0,0,0,0,1
675,0,,0.35,0.0,674,0,1,0,0.0,1,0,0,0,0,0,1
676,0,,0.225,0.0151757893167127,675,0,0,1,0.0,1,0,0,0,0,0,1
677,0,,0.30625,0.0157125535690723,676,0,0,1,0.0,1,0,0,0,0,0,1
678,1,,0.225,0.0192097190634459,677,0,0,1,0.0,0,0,0,1,0,0,1
679,0,,0.5375,0.0915427034024217,678,0,0,1,0.7,1,0,0,0,0,0,1
680,1,,0.45,1.0,679,1,0,0,0.1,1,0,0,0,1,0,0
681,0,,0.35,0.0158833421948231,680,0,0,1,0.0,0,0,0,1,0,1,0
682,1,,0.3375,0.1497654242623688,681,1,0,0,0.0,1,0,0,0,1,0,0
683,0,,0.25,0.0180060008291543,682,0,0,1,0.0,1,0,0,0,0,0,1
684,0,,0.175,0.0915427034024217,683,0,0,1,0.7,1,0,0,0,0,0,1
685,0,,0.75,0.0761229303346364,684,0,1,0,0.2,1,0,0,0,0,0,1
686,0,,0.3125,0.081157193460767,685,0,1,0,0.3,1,0,0,0,1,0,0
687,0,,0.175,0.0774648409655354,686,0,0,1,0.5,1,0,0,0,0,0,1
688,0,,0.2375,0.0198520794832697,687,0,0,1,0.0,1,0,0,0,0,0,1
689,0,,0.225,0.0152163882128912,688,0,0,1,0.0,1,0,0,0,0,0,1
690,1,,0.1875,0.4125033279383646,689,1,0,0,0.1,0,0,0,1,0,0,1
691,1,,0.3875,0.1112565904890839,690,1,0,0,0.1,1,0,0,0,0,0,1
692,1,,0.05,0.0261876543441209,691,0,0,1,0.1,0,0,0,1,1,0,0
693,1,,0.35,0.1102724576307577,692,0,0,1,0.0,1,0,0,0,0,0,1
694,0,,0.3125,0.0141022608119935,693,0,0,1,0.0,1,0,0,0,1,0,0
695,0,,0.75,0.0518221487278101,694,1,0,0,0.0,1,0,0,0,0,0,1
696,0,,0.65,0.0263502451158356,695,0,1,0,0.0,1,0,0,0,0,0,1
697,0,,0.55,0.0157125535690723,696,0,0,1,0.0,1,0,0,0,0,0,1
698,1,,0.35,0.0150943963373549,697,0,0,1,0.0,0,0,0,1,0,1,0
699,0,,0.6125,0.2164297877224253,698,1,0,0,0.2,1,0,0,0,1,0,0
700,0,,0.525,0.0149318055656402,699,0,0,1,0.0,1,0,0,0,0,0,1
701,1,,0.225,0.4440992237022602,700,1,0,0,0.1,1,0,0,0,1,0,0
702,1,,0.4375,0.0513097828505578,701,1,0,0,0.0,1,0,0,0,0,0,1
703,0,,0.225,0.0282127194780231,702,0,0,1,0.1,0,0,0,1,1,0,0
704,0,,0.3125,0.015110792045427,703,0,0,1,0.0,1,0,0,0,0,1,0
705,0,,0.325,0.0153303774213923,704,0,0,1,0.1,1,0,0,0,0,0,1
706,0,,0.4875,0.0507486202230909,705,0,1,0,0.0,1,0,0,0,0,0,1
707,1,,0.5625,0.0263502451158356,706,0,1,0,0.0,1,0,0,0,0,0,1
708,1,,0.525,0.0513097828505578,707,1,0,0,0.0,1,0,0,0,0,0,1
709,1,,0.275,0.2958058998003627,708,1,0,0,0.0,0,0,0,1,0,0,1
710,1,,0.35,0.0297578197768153,709,0,0,1,0.2,0,0,1,0,1,0,0
711,1,,0.3,0.0966257632787668,710,1,0,0,0.0,1,0,0,0,1,0,0
712,0,,0.35,0.0518221487278101,711,1,0,0,0.0,1,0,0,0,0,0,1
713,1,,0.6,0.1014972404461818,712,1,0,0,0.1,1,0,0,0,0,0,1
714,0,,0.3625,0.0185101688523707,713,0,0,1,0.0,1,0,0,0,0,0,1
715,0,,0.65,0.0253743101115454,714,0,1,0,0.0,1,0,0,0,0,0,1
716,0,,0.2375,0.0149318055656402,715,0,0,1,0.0,1,0,0,0,0,0,1
717,1,,0.475,0.4440992237022602,716,1,0,0,0.0,0,0,0,1,1,0,0
718,1,,0.3375,0.0204946350900944,717,0,1,0,0.0,0,0,0,1,0,0,1
719,0,,0.35,0.0302539851329965,718,0,0,1,0.0,1,0,0,0,0,1,0
720,0,,0.4125,0.0151757893167127,719,0,0,1,0.0,1,0,0,0,0,0,1
721,1,,0.075,0.0644117102831538,720,0,1,0,0.1,0,0,0,1,0,0,1
722,0,,0.2125,0.013768881414528,721,0,0,1,0.1,1,0,0,0,0,0,1
723,0,,0.425,0.0253743101115454,722,0,1,0,0.0,1,0,0,0,0,0,1
724,0,,0.625,0.0253743101115454,723,0,1,0,0.0,1,0,0,0,0,0,1
725,1,,0.3375,0.1036442974556203,724,1,0,0,0.1,1,0,0,0,0,0,1
726,0,,0.25,0.0169080739493278,725,0,0,1,0.0,1,0,0,0,0,0,1
727,1,,0.375,0.0409892701801888,726,0,1,0,0.3,1,0,0,0,0,0,1
728,1,,0.35,0.015102594191391,727,0,0,1,0.0,0,0,0,1,0,1,0
729,0,,0.3125,0.0507486202230909,728,0,1,0,0.1,1,0,0,0,0,0,1
730,0,,0.3125,0.0154685698179998,729,0,0,1,0.1,0,0,0,1,0,0,1
731,1,,0.3625,0.4125033279383646,730,1,0,0,0.0,0,0,0,1,0,0,1
732,0,,0.1375,0.0366707577862046,731,0,0,1,0.0,1,0,0,0,1,0,0
733,0,,0.35,0.0,732,0,1,0,0.0,1,0,0,0,0,0,1
734,0,,0.2875,0.0253743101115454,733,0,1,0,0.0,1,0,0,0,0,0,1
735,0,,0.2875,0.0253743101115454,734,0,1,0,0.0,1,0,0,0,0,0,1
736,0,,0.35625,0.0314251071381447,735,0,0,1,0.0,1,0,0,0,0,0,1
737,0,,0.6,0.0670955315449519,736,0,0,1,0.4,1,0,0,0,0,0,1
738,1,,0.4375,1.0,737,1,0,0,0.0,1,0,0,0,1,0,0
739,0,,0.35,0.0154115752137492,738,0,0,1,0.0,1,0,0,0,0,0,1
740,0,,0.35,0.0154115752137492,739,0,0,1,0.0,1,0,0,0,0,0,1
741,1,,0.35,0.0585561002574126,740,1,0,0,0.0,1,0,0,0,0,0,1
742,0,,0.45,0.1539049501765661,741,1,0,0,0.1,1,0,0,0,0,0,1
743,1,,0.2625,0.5121218935012878,742,1,0,0,0.4,0,0,0,1,1,0,0
744,0,,0.3,0.0314251071381447,743,0,0,1,0.1,1,0,0,0,0,0,1
745,1,,0.3875,0.0154685698179998,744,0,0,1,0.0,1,0,0,0,0,0,1
746,0,,0.875,0.1385827706092098,745,1,0,0,0.2,1,0,0,0,0,0,1
747,0,,0.2,0.0395253676737535,746,0,0,1,0.2,1,0,0,0,0,0,1
748,1,,0.375,0.0253743101115454,747,0,1,0,0.0,0,0,0,1,0,0,1
749,0,,0.2375,0.1036442974556203,748,1,0,0,0.1,1,0,0,0,0,0,1
750,0,,0.3875,0.0151269925664982,749,0,0,1,0.0,1,0,0,0,0,1,0
751,1,,0.05,0.0448930101973496,750,0,1,0,0.2,0,0,0,1,0,0,1
752,1,,0.075,0.0243495783570407,751,0,0,1,0.1,0,0,1,0,0,0,1
753,0,,0.4125,0.0185427650815139,752,0,0,1,0.0,1,0,0,0,0,0,1
754,0,,0.2875,0.0154115752137492,753,0,0,1,0.0,1,0,0,0,0,0,1
755,1,,0.6,0.1268715505577273,754,0,1,0,0.3,1,0,0,0,0,0,1
756,1,,0.008375,0.028302115124416,755,0,1,0,0.2,0,0,1,0,0,0,1
757,0,,0.35,0.0152163882128912,756,0,0,1,0.0,1,0,0,0,0,0,1
758,0,,0.225,0.0224465050986748,757,0,1,0,0.0,1,0,0,0,0,0,1
759,0,,0.425,0.0157125535690723,758,0,0,1,0.0,1,0,0,0,0,0,1
760,1,,0.4125,0.1688367557422063,759,1,0,0,0.0,0,1,0,0,0,0,1
761,0,,0.35,0.028302115124416,760,0,0,1,0.0,1,0,0,0,0,0,1
762,0,,0.5125,0.0139070738111354,761,0,0,1,0.0,1,0,0,0,0,0,1
763,1,,0.25,0.0141104586660295,762,0,0,1,0.0,1,0,0,0,1,0,0
764,1,,0.45,0.2342244010296504,763,1,0,0,0.3,1,0,0,0,0,0,1
765,0,,0.2,0.0151757893167127,764,0,0,1,0.0,1,0,0,0,0,0,1
766,1,,0.6375,0.1521644676899149,765,1,0,0,0.1,1,0,0,0,0,0,1
767,0,,0.35,0.0772940523397846,766,1,0,0,0.0,1,0,0,0,1,0,0
768,0,,0.38125,0.0151269925664982,767,0,0,1,0.0,0,0,0,1,0,1,0
769,0,,0.35,0.0471376607072171,768,0,0,1,0.1,1,0,0,0,0,1,0
770,0,,0.4,0.0163225129467537,769,0,0,1,0.0,1,0,0,0,0,0,1
771,0,,0.3,0.0185427650815139,770,0,0,1,0.0,1,0,0,0,0,0,1
772,0,,0.6,0.0153303774213923,771,0,0,1,0.0,1,0,0,0,0,0,1
773,0,,0.7125,0.0204946350900944,772,0,1,0,0.0,1,0,0,0,0,0,1
774,0,,0.35,0.0141022608119935,773,0,0,1,0.0,1,0,0,0,1,0,0
775,1,,0.675,0.0448930101973496,774,0,1,0,0.4,1,0,0,0,0,0,1
776,0,,0.225,0.0151269925664982,775,0,0,1,0.0,1,0,0,0,0,0,1
777,0,,0.35,0.0151269925664982,776,0,0,1,0.0,1,0,0,0,0,1,0
778,1,,0.0625,0.0243495783570407,777,0,0,1,0.0,0,0,0,1,0,0,1
779,0,,0.35,0.015102594191391,778,0,0,1,0.0,1,0,0,0,0,1,0
780,1,,0.5375,0.4125033279383646,779,1,0,0,0.1,1,0,0,0,0,0,1
781,1,,0.1625,0.0141104586660295,780,0,0,1,0.0,0,0,0,1,1,0,0
782,1,,0.2125,0.1112565904890839,781,1,0,0,0.1,1,0,0,0,0,0,1
783,0,,0.3625,0.0585561002574126,782,1,0,0,0.0,1,0,0,0,0,0,1
784,0,,0.35,0.0457713517012108,783,0,0,1,0.3,1,0,0,0,0,0,1
785,0,,0.3125,0.0137606835604919,784,0,0,1,0.0,1,0,0,0,0,0,1
786,0,,0.3125,0.014151057562208,785,0,0,1,0.0,1,0,0,0,0,0,1
787,1,,0.225,0.0146308272103171,786,0,0,1,0.0,0,0,0,1,0,0,1
788,0,,0.1,0.0568482139999047,787,0,0,1,0.5,0,0,1,0,0,1,0
789,1,,0.0125,0.0401597254265421,788,0,0,1,0.3,0,0,1,0,0,0,1
790,0,,0.575,0.1545881046795693,789,1,0,0,0.0,1,0,0,0,1,0,0
791,0,,0.35,0.0151269925664982,790,0,0,1,0.0,1,0,0,0,0,1,0
792,0,,0.2,0.0507486202230909,791,0,1,0,0.0,1,0,0,0,0,0,1
